playlist_position,digiturk_number,wanted_name,resolved_id,resolution,status,source,source_detail,health_status,health_detail,health_url,candidate_count,quality,label,stream_title,block_reason,official_page
1,22,Show TV,ShowTV.tr,id,added_extra_fallback_unverified,extra_streams.json,Alternative historical/public provider endpoints distinct from the Ciner URL that returned 403 on the user's TV. Include only if current health check succeeds.,unverified_fail_open,"network_[SSL: CERTIFICATE_VERIFY_FAILED] certificate verify failed: Hostname mismatch, certificate is not valid for 'showtv.blutv.com'. (_ssl.c:1010)",https://showtv.blutv.com/blutv_showtv_live/live.m3u8,3,,,Show TV,,
2,23,TRT 1,TRT1.tr,id,added_iptv_org_healthy,iptv-org,TRT1.tr,pass,master_ok->hls_segment_ok:http_206,https://tv-trt1.medya.trt.com.tr/master.m3u8,1,1440p,,TRT 1,,
3,24,Kanal D,KanalD.tr,id,added_iptv_org_healthy,iptv-org,KanalD.tr,pass,master_ok->hls_segment_ok:http_206,https://demiroren.daioncdn.net/kanald/kanald.m3u8?app=kanald_web&ce=3,1,1080p,,Kanal D,,
4,25,ATV,ATV.tr,id,added_iptv_org_healthy,iptv-org,ATV.tr,pass,hls_segment_ok:http_206,https://rnttwmjcin.turknet.ercdn.net/lcpmvefbyo/atv/atv_1080p.m3u8,2,1080p,,ATV,,
5,26,NOW,NOWTV.tr,id,added_iptv_org_healthy,iptv-org,NOWTV.tr,pass,master_ok->hls_segment_ok:http_206,https://uycyyuuzyh.turknet.ercdn.net/nphindgytw/nowtv/nowtv.m3u8,2,720p,,NOW TV,,
6,27,Star TV,StarTV.tr,id,added_iptv_org_healthy,iptv-org,StarTV.tr,pass,hls_segment_ok:http_206,https://dogus.daioncdn.net/startv/startv_720p.m3u8?app=a20ac41e-bdc3-4aa1-934d-26b484480ac9&ce=3&sid=8l4w3lst4co5,1,720p,,Star TV,,
7,28,TV8,TV8.tr,id,added_iptv_org_healthy,iptv-org,TV8.tr,pass,master_ok->hls_segment_ok:http_206,https://tv8.daioncdn.net/tv8/tv8.m3u8?app=7ddc255a-ef47-4e81-ab14-c0e5f2949788&ce=3,2,1080p,,TV 8,,
8,29,360,360.tr,id,added_extra_fallback_unverified,extra_streams.json,Alternative public provider/mirror candidates. The exact Turkmedya URLs tested black on the user's TV remain deny-listed. These candidates are included only if the health check accepts them.,unverified_fail_open,"network_[SSL: CERTIFICATE_VERIFY_FAILED] certificate verify failed: Hostname mismatch, certificate is not valid for '360tv.blutv.com'. (_ssl.c:1010)",https://360tv.blutv.com/blutv_360tv_live/live.m3u8,2,,,360,,
9,99,TLC,TLC.tr,id,added_extra_fallback_unverified,extra_streams.json,"Historical public RocketCDN TLC endpoints. The newer Dogus/Daion URL returned 403 on the user's TV, so only these distinct endpoints are tested. Health check decides inclusion.",unverified_fail_open,network_[Errno -2] Name or service not known,https://pa9agxjg.rocketcdn.com/tlctv.smil/chunklist.sltur.m3u8,3,,,TLC,dmca,https://www.tlctv.com.tr/canli-izle
10,186,DMAX,DMAX.tr,id,added_extra_fallback_unverified,extra_streams.json,"Historical public RocketCDN DMAX endpoints, distinct from the newer URL that returned 403 on the user's TV. Included only when health check succeeds.",unverified_fail_open,network_[Errno -2] Name or service not known,https://jviqfbc2.rocketcdn.com/dmax.smil/chunklist.m3u8,2,,,DMAX,dmca,https://www.dmax.com.tr/canli-izle
11,30,CNBC-e,CNBCe.tr,name,added_iptv_org_healthy,iptv-org,CNBCe.tr,pass,master_ok->hls_segment_ok:http_206,https://hnpsechtsc.turknet.ercdn.net/xpnvudnlsv/cnbc-e/cnbc-e.m3u8,1,,,CNBC-e,,
12,31,Bloomberg HT,BloombergHT.tr,id,added_iptv_org_healthy,iptv-org,BloombergHT.tr,pass,master_ok->hls_segment_ok:http_206,https://tv.ensonhaber.com/bloomberght/bloomberght.m3u8,2,720p,Not 24/7,Bloomberg HT,,
13,32,A Haber,AHaber.tr,id,added_iptv_org_healthy,iptv-org,AHaber.tr,pass,master_ok->hls_segment_ok:http_206,https://rnttwmjcin.turknet.ercdn.net/lcpmvefbyo/ahaber/ahaber.m3u8,1,1080p,,A Haber,,
14,33,TRT Haber,TRTHaber.tr,id,added_iptv_org_healthy,iptv-org,TRTHaber.tr,pass,master_ok->hls_segment_ok:http_206,https://tv-trthaber.medya.trt.com.tr/master.m3u8,1,720p,,TRT Haber,,
15,34,Kanal 7,Kanal7.tr,id,added_iptv_org_unverified,iptv-org,Kanal7.tr,unverified_fail_open,"network_[SSL: CERTIFICATE_VERIFY_FAILED] certificate verify failed: Hostname mismatch, certificate is not valid for 'kanal7.blutv.com'. (_ssl.c:1010)",https://kanal7.blutv.com/blutv_kanal7_live/live.m3u8,2,720p,,Kanal 7,,
16,35,A2,A2.ru,name,added_iptv_org_unverified,iptv-org,A2.ru,unverified_fail_open,network_timed out,http://31.148.48.15/A2/index.m3u8,1,576p,,Amedia 2,,
17,36,Beyaz TV,BeyazTV.tr,id,added_iptv_org_unverified,iptv-org,BeyazTV.tr,unverified_fail_open,error_RemoteDisconnected:Remote end closed connection without response,https://mn-nl.mncdn.com/blutv_beyaztv2/live.m3u8,1,720p,Not 24/7,Beyaz TV,,
18,37,tv100,TV100.tr,id,added_iptv_org_healthy,iptv-org,TV100.tr,pass,hls_segment_ok:http_206,https://7nyaler.streamhostingcdn.top/stream/46/index.m3u8,1,,,TV 100,,
19,38,Ülke TV,UlkeTV.tr,id,added_iptv_org_unverified,iptv-org,UlkeTV.tr,unverified_fail_open,http_403,http://217.174.229.138:8000/play/a0el,1,,,Ulke TV,,
20,39,TVNET,TVNET.tr,id,added_iptv_org_healthy,iptv-org,TVNET.tr,pass,master_ok->hls_segment_ok:http_206,https://tvnet-live.lg.mncdn.com/tvnet/tvnet/playlist.m3u8,1,1080p,,TVNET,,
21,40,24 TV,24TV.tr,id,added_iptv_org_healthy,iptv-org,24TV.tr,pass,master_ok->hls_segment_ok:http_206,https://turkmedya-live.ercdn.net/tv24/tv24.m3u8,2,720p,,TV 24,,
22,41,NTV,NTV.tr,id,added_iptv_org_healthy,iptv-org,NTV.tr,pass,master_ok->hls_segment_ok:http_206,https://dogus.daioncdn.net/ntv/ntv.m3u8?app=ntv_web,1,,,NTV,,
23,42,CNN Türk,CNNTurk.tr,id,added_extra_fallback_unverified,extra_streams.json,Fallback HLS for CNN Türk; iptv-org remains preferred if it becomes available.,unverified_fail_open,http_403,https://live.duhnet.tv/S2/HLS_LIVE/cnnturknp/playlist.m3u8,1,,,CNN Türk,dmca,
24,43,A Para,APara.tr,id,added_extra_fallback_unverified,extra_streams.json,Public HLS candidate on Turkuvaz/ercdn infrastructure; used only when iptv-org has no stream and only if health check passes.,unverified_fail_open,http_403,https://trkvz-live.ercdn.net/aparahd/aparahd.m3u8,1,,,A Para,,https://www.apara.com.tr/canli-yayin
25,44,Habertürk,HaberturkTV.tr,id,added_iptv_org_healthy,iptv-org,HaberturkTV.tr,pass,master_ok->hls_segment_ok:http_206,https://tv.ensonhaber.com/haberturk/haberturk.m3u8,1,720p,Not 24/7,Habertürk TV,,
26,45,TGRT Haber,TGRTHaber.tr,id,added_iptv_org_healthy,iptv-org,TGRTHaber.tr,pass,hls_segment_ok:http_206,https://canli.tgrthaber.com/tgrt.m3u8,2,720p,,TGRT Haber,,
27,46,Ekotürk,Ekoturk.tr,id,added_extra_fallback_unverified,extra_streams.json,Public HLS candidate seen in free-TV lists. Health checked before inclusion; official-page resolver remains enabled.,unverified_fail_open,error_RemoteDisconnected:Remote end closed connection without response,https://mn-nl.mncdn.com/blutv_ekoturk2/live.m3u8,1,,,Ekotürk,,https://www.ekoturk.com/canli-yayin/
28,47,Haber Global,HaberGlobal.tr,id,added_iptv_org_healthy,iptv-org,HaberGlobal.tr,pass,master_ok->hls_segment_ok:http_206,https://tv.ensonhaber.com/haberglobal/haberglobal.m3u8,1,720p,Not 24/7,Haber Global,,
29,48,TELE1,Tele1.tr,id,added_iptv_org_healthy,iptv-org,Tele1.tr,pass,master_ok->hls_segment_ok:http_206,https://tele1-live.ercdn.net/tele1/tele1.m3u8,1,1080p,,Tele 1,,
30,50,Flash Haber,FlashHaber.tr,name,added_extra_fallback_healthy,extra_streams.json,Public HLS candidates; second URL came from the user-supplied EXTM3U. Health check decides whether either is usable.,pass,master_ok->hls_segment_ok:http_206,https://flashhaber-live.ercdn.net/flashhaber/flashhaber.m3u8,3,,,Flash Haber,,
31,51,Lider Haber,LiderHaber.tr,id,added_extra_fallback_healthy,extra_streams.json,Public HLS candidate found in a current Turkish free-TV list; used only if health check passes.,pass,master_ok->hls_segment_ok:http_206,http://nrttn172.kesintisizyayin.com:29010/lidertv/lidertv/sec-f5-v1-a1.m3u8,1,,,Lider Haber,,https://www.liderhaber.com.tr/lider-haber-tv-canli-yayin
32,52,Ulusal Kanal,UlusalKanal.tr,id,added_extra_fallback_unverified,extra_streams.json,Legacy/public provider HLS candidate; health checked before inclusion. Official-page resolver remains as fallback.,unverified_fail_open,error_RemoteDisconnected:Remote end closed connection without response,https://mn-nl.mncdn.com/blutv_ulusalkanal/blutv_ulusalkanal.smil/playlist.m3u8,1,,,Ulusal Kanal,,https://www.ulusal.com.tr/ulusal-kanal-canli-izle
33,53,Halk TV,HalkTV.tr,id,added_iptv_org_healthy,iptv-org,HalkTV.tr,pass,master_ok->hls_segment_ok:http_206,https://halktv-live.daioncdn.net/halktv/halktv.m3u8,1,1080p,,Halk TV,,
34,54,Teve2,Teve2.tr,name,added_extra_fallback_unverified,extra_streams.json,Fallback HLS for free Teve2 live channel.,unverified_fail_open,http_403,https://demiroren-live.daioncdn.net/teve2/teve2.m3u8,1,,,Teve2,,
35,55,TV 8.5,TV85.tr,id,added_extra_fallback_unverified,extra_streams.json,Fallback HLS for TV8.5.,unverified_fail_open,segments_failed:http_401|http_401,https://tv8.daioncdn.net/tv8bucuk/tv8bucuk_1080p.m3u8?app=tv8bucuk_web&ce=3,1,,,TV 8.5,,
36,56,TRT 3,TRT3.tr,id,added_official_resolver_healthy,official_resolver,https://www.trtspor.com.tr/canli-yayin-izle/trt-spor-3,pass,master_ok->hls_segment_ok:http_206,https://rd-trtradyo1.medya.trt.com.tr/master.m3u8,4,,,embedded HLS,,https://www.trtspor.com.tr/canli-yayin-izle/trt-spor-3
37,57,TRT Avaz,TRTAvaz.tr,id,added_iptv_org_healthy,iptv-org,TRTAvaz.tr,pass,master_ok->hls_segment_ok:http_206,https://tv-trtavaz.medya.trt.com.tr/master.m3u8,1,720p,,TRT Avaz,,
38,58,TRT Kurdî,TRTKurdi.tr,id,added_iptv_org_healthy,iptv-org,TRTKurdi.tr,pass,master_ok->hls_segment_ok:http_206,https://tv-trtkurdi.medya.trt.com.tr/master.m3u8,1,720p,,TRT Kurdî,,
39,59,Türk Haber TV,TurkHaberTV.tr,id,added_iptv_org_healthy,iptv-org,TurkHaberTV.tr,pass,master_ok->hls_segment_ok:http_206,https://edge1.socialsmart.tv/turkhaber/bant1/playlist.m3u8,1,720p,,TürkHaber,,
40,60,Sözcü TV,SozcuTV.tr,id,added_iptv_org_unverified,iptv-org,SozcuTV.tr,unverified_fail_open,master_variants_failed:segments_failed:http_403|http_403,http://5.178.103.239:55/yt1/szctv.m3u8,2,1080p,,Sozcu TV,,https://www.sozcu.com.tr/sozcu-tv-canli-yayin-wp7630113
41,61,TRT Türk,TRTTurk.tr,id,added_iptv_org_healthy,iptv-org,TRTTurk.tr,pass,master_ok->hls_segment_ok:http_206,https://tv-trtturk.medya.trt.com.tr/master.m3u8,1,720p,,TRT Türk,,
42,62,KRT,KRT.tr,id,added_extra_fallback_unverified,extra_streams.json,Two public provider HLS candidates. The previous 720p endpoint returned HTTP 500 on GitHub; the simpler master endpoint is tried first.,unverified_fail_open,"network_[SSL: CERTIFICATE_VERIFY_FAILED] certificate verify failed: Hostname mismatch, certificate is not valid for 'krt.blutv.com'. (_ssl.c:1010)",https://krt.blutv.com/blutv_krt_live/live.m3u8,2,,,KRT,,https://www.krttv.com.tr/canli-yayin
43,63,Bengü Türk,BenguTurk.tr,missing,added_extra_fallback_healthy,extra_streams.json,"Public mirror candidates, not claimed as broadcaster-origin URLs. Used only if health check passes; official-page resolver remains enabled.",pass,master_ok->hls_segment_ok:http_206,https://ensonhaber-live.ercdn.net/benguturk/benguturk.m3u8,2,,,Bengü Türk,,https://www.benguturk.com/canli-yayin
44,65,TV4,TV4.tr,id,added_iptv_org_healthy,iptv-org,TV4.tr,pass,master_ok->hls_segment_ok:http_206,https://turkmedya-live.ercdn.net/tv4/tv4.m3u8,1,720p,,TV4,,
45,66,TRT 2,TRT2.tr,id,added_iptv_org_unverified,iptv-org,TRT2.tr,unverified_fail_open,http_403,https://tv-trt2.medya.trt.com.tr/master.m3u8,1,1440p,Geo-blocked,TRT 2,,
46,67,VAV TV,VavTV.tr,name,added_iptv_org_healthy,iptv-org,VavTV.tr,pass,master_ok->hls_segment_ok:http_200,https://playlist.fasttvcdn.com/pl/rfrk9821hdy9dayo8wfyha/kltr-sanat-tv/playlist.m3u8,1,,,Vav TV,,
47,68,Diyanet TV,DiyanetTV.tr,id,added_iptv_org_healthy,iptv-org,DiyanetTV.tr,pass,master_ok->hls_segment_ok:http_206,https://eustr73.mediatriple.net/videoonlylive/mtikoimxnztxlive/broadcast_5e3bf95a47e07.smil/playlist.m3u8,1,1080p,,Diyanet TV,,
48,69,Akit TV,AkitTV.tr,id,added_extra_fallback_unverified,extra_streams.json,Fallback for Akit TV free live stream.,unverified_fail_open,network_[Errno -2] Name or service not known,https://akittv-live.ercdn.net/akittv/akittv.m3u8,1,,,Akit TV,,
49,75,HT Spor,HTSporTV.tr,name,added_iptv_org_healthy,iptv-org,HTSporTV.tr,pass,master_ok->hls_segment_ok:http_206,https://ciner.daioncdn.net/ht-spor/ht-spor.m3u8?app=web,1,1080p,,HTSpor TV,,
50,76,FB TV,FBTV.tr,id,added_iptv_org_healthy,iptv-org,FBTV.tr,pass,hls_mime_reachable:application/vnd.apple.mpegurl,http://1hskrdto.rocketcdn.com/fenerbahcetv.smil/playlist.m3u8,1,,,FB TV,,
51,85,beIN Sports Haber,beINSportsHaber.tr,id,no_public_stream_no_fallback,,,not_tested_no_candidate,resolver:https://beinsports.com.tr/canli-yayin:youtube:https://www.youtube.com/watch?v=i7UpPgxfZZ8:yt_dlp_failed:ERROR: [youtube] i7UpPgxfZZ8: Sign in to confirm you’re not a bot. Use --cookies-from-browser or --cookies for the authentication. See  https://github.com/yt-dlp/yt-dlp/wiki/FAQ#how-do-i-pass-cookies-to-yt-dlp  for how to manually pass cookies. Also see  https || https://beinsports.com.tr/canli-yayin:page:yt_dlp_failed:ERROR: [youtube] i7UpPgxfZZ8: Sign in to confirm you’re not a bot. Use --cookies-from-browser or --cookies for the authentication. See  https://github.com/yt-dlp/yt-dlp/wiki/FAQ#how-do-i-pass-cookies-to-yt-dlp  for how to manually pass cookies. Also see  https,,0,,,,,https://beinsports.com.tr/canli-yayin
52,86,TRT Spor,TRTSpor.tr,id,added_iptv_org_healthy,iptv-org,TRTSpor.tr,pass,master_ok->hls_segment_ok:http_200,https://corestream.siteyaptim.live/trt-spor/index.m3u8,1,720p,,TRT Spor,,
53,87,TRT Spor Yıldız,TRTSporYildiz.tr,id,added_iptv_org_unverified,iptv-org,TRTSporYildiz.tr,unverified_fail_open,master_variants_failed:segments_failed:http_403|http_403|segments_failed:http_403|http_403|segments_failed:http_403|http_403,https://trt.daioncdn.net/trtspor-yildiz/master.m3u8?app=web&platform=trtspor,1,1440p,Geo-blocked,TRT Spor Yildiz,,
54,88,A Spor,ASpor.tr,id,added_iptv_org_healthy,iptv-org,ASpor.tr,pass,master_ok->hls_segment_ok:http_206,https://rnttwmjcin.turknet.ercdn.net/lcpmvefbyo/aspor/aspor.m3u8,1,1080p,,A Spor,,
55,89,TJK TV,TJKTV.tr,id,added_iptv_org_healthy,iptv-org,TJKTV.tr,pass,master_ok->hls_segment_ok:http_206,https://tjktv-live.tjk.org/tjktv.m3u8,1,1080p,,TJK TV,,
56,90,Sports TV,SportsTV.tr,id,added_extra_fallback_unverified,extra_streams.json,Official-domain HLS fallback; may be geo-restricted depending on location.,unverified_fail_open,"network_[SSL: CERTIFICATE_VERIFY_FAILED] certificate verify failed: Hostname mismatch, certificate is not valid for 'live.sportstv.com.tr'. (_ssl.c:1010)",https://live.sportstv.com.tr/hls/low/sportstv.m3u8,1,,,Sports TV,,
57,104,TRT Müzik,TRTMuzik.tr,id,added_iptv_org_healthy,iptv-org,TRTMuzik.tr,pass,master_ok->hls_segment_ok:http_206,https://tv-trtmuzik.medya.trt.com.tr/master.m3u8,2,720p,,TRT Müzik,,
58,133,TRT Arabi,TRTArabi.tr,id,added_iptv_org_healthy,iptv-org,TRTArabi.tr,pass,master_ok->hls_segment_ok:http_206,https://tv-trtarabi.medya.trt.com.tr/master.m3u8,1,1080p,Not 24/7,TRT Arabi,,
59,134,CGTN,CGTN.cn,id,added_iptv_org_healthy,iptv-org,CGTN.cn,pass,master_ok->hls_segment_ok:http_206,https://amg00405-rakutentv-cgtn-rakuten-i9tar.amagi.tv/master.m3u8,3,1080p,,CGTN,,
60,138,Euronews,EuronewsEnglish.fr,id,added_iptv_org_healthy,iptv-org,EuronewsEnglish.fr,pass,master_ok->hls_segment_ok:http_206,https://jmp2.uk/plu-61de96114757070008d33cae.m3u8,3,720p,,Euronews English,,
61,139,Bloomberg Television,BloombergTV.us,id,added_iptv_org_healthy,iptv-org,BloombergTV.us,pass,master_ok->hls_segment_ok:http_206,https://d8975dc3.wurl.com/master/f36d25e7e52f1ba8d7e56eb859c636563214f541/U2Ftc3VuZy1nYl9CbG9vbWJlcmdUVlBsdXNfSExT/playlist.m3u8,3,2160p,,Bloomberg TV+,,
62,140,A News,ANews.tr,id,added_extra_fallback_unverified,extra_streams.json,Public HLS candidate on Turkuvaz/ercdn infrastructure. Health checked before inclusion.,unverified_fail_open,network_[Errno -2] Name or service not known,https://trkvz-m.ercdn.net/anewshd/anewshd.m3u8,1,,,A News,,https://www.anews.com.tr/webtv/live-broadcast
63,142,TRT World,TRTWorld.tr,id,added_iptv_org_healthy,iptv-org,TRTWorld.tr,pass,master_ok->hls_segment_ok:http_206,https://tv-trtworld.medya.trt.com.tr/master.m3u8,2,1080p,Not 24/7,TRT World,,
64,144,Al Jazeera English,AlJazeera.qa,id,added_iptv_org_healthy,iptv-org,AlJazeera.qa,pass,master_ok->hls_segment_ok:http_206,https://live-hls-apps-aje-fa.getaj.net/AJE/index.m3u8,3,1080p,,Al Jazeera English,,
65,147,Al Quran Al Kareem TV,AlQuranAlKareemTV.sa,name,added_iptv_org_healthy,iptv-org,AlQuranAlKareemTV.sa,pass,master_ok->hls_segment_ok:http_206,https://cdn-globecast.akamaized.net/live/eds/saudi_quran/hls_roku/index.m3u8,3,360p,Not 24/7,Al Quran Al Kareem TV,,
66,148,Al Sunnah Al Nabawiyah TV,AlSunnahAlNabawiyahTV.sa,id,added_iptv_org_healthy,iptv-org,AlSunnahAlNabawiyahTV.sa,pass,master_ok->hls_segment_ok:http_206,https://cdn-globecast.akamaized.net/live/eds/saudi_sunnah/hls_roku/index.m3u8,3,360p,,Al Sunnah Al Nabawiyah TV,,
67,149,NHK World Japan,NHKWorldJapan.jp,id,added_iptv_org_healthy,iptv-org,NHKWorldJapan.jp,pass,master_ok->hls_segment_ok:http_206,https://masterpl.hls.nhkworld.jp/hls/w/live/smarttv.m3u8,3,1080p,,NHK World-Japan,,
68,152,TRT EBA,TRTEBA.tr,id,added_iptv_org_healthy,iptv-org,TRTEBA.tr,pass,master_ok->hls_segment_ok:http_206,https://tv-e-okul01.medya.trt.com.tr/master.m3u8,1,720p,,TRT EBA Ortaokul,,
69,160,TRT Çocuk,TRTCocuk.tr,id,added_iptv_org_healthy,iptv-org,TRTCocuk.tr,pass,master_ok->hls_segment_ok:http_206,https://tv-trtcocuk.medya.trt.com.tr/master.m3u8,1,1440p,,TRT Cocuk,,
70,166,Stoon TV / Spacetoon Türkiye,SpacetoonTurkey.tr,id,no_public_stream_no_fallback,,,not_tested_no_candidate,resolver:https://spacetoon.com.tr/tr/tv-programs:page:yt_dlp_failed:ERROR: Unsupported URL: https://spacetoon.com.tr/tr/tv-programs,,0,,,,,https://spacetoon.com.tr/tr/tv-programs
71,170,Minika GO,MinikaGo.tr,name,added_iptv_org_healthy,iptv-org,MinikaGo.tr,pass,master_ok->hls_segment_ok:http_206,https://rnttwmjcin.turknet.ercdn.net/lcpmvefbyo/minikago/minikago.m3u8,2,720p,,Minika Go,,
72,174,Minika Çocuk,MinikaCocuk.tr,id,added_iptv_org_healthy,iptv-org,MinikaCocuk.tr,pass,master_ok->hls_segment_ok:http_206,https://rnttwmjcin.turknet.ercdn.net/lcpmvefbyo/minikago_cocuk/minikago_cocuk.m3u8,2,720p,,Minika Cocuk,,
73,189,Yaban TV,YabanTV.tr,id,added_extra_fallback_unverified,extra_streams.json,Public HLS candidate from longstanding free-TV listings. Health checked before inclusion; official-page resolver remains enabled.,unverified_fail_open,"network_[SSL: CERTIFICATE_VERIFY_FAILED] certificate verify failed: Hostname mismatch, certificate is not valid for '59cba4d34b678.streamlock.net'. (_ssl.c:1010)",https://59cba4d34b678.streamlock.net/live1/yabantv/playlist.m3u8,1,,,Yaban TV,,https://www.yabantv.com/broadcast
74,190,TRT Belgesel,TRTBelgesel.tr,id,added_iptv_org_unverified,iptv-org,TRTBelgesel.tr,unverified_fail_open,http_403,https://tv-trtbelgesel.medya.trt.com.tr/master.m3u8,1,720p,,TRT Belgesel,,
75,193,TGRT Belgesel,TGRTBelgesel.tr,id,added_extra_fallback_unverified,extra_streams.json,Health-checked TGRT Belgesel candidates; first candidate uses Ihlas Digital Assets infrastructure. Official live page remains available separately.,unverified_fail_open,network_[Errno -2] Name or service not known,https://canli.ihlasdigitalassets.com/tgrtbelgesel.m3u8,4,,,TGRT Belgesel,,
76,194,CGTN Documentary,CGTNDocumentary.cn,id,added_iptv_org_healthy,iptv-org,CGTNDocumentary.cn,pass,master_ok->hls_segment_ok:http_206,https://amg00405-rakutentv-cgtndocumentary-rakuten-0ql8j.amagi.tv/master.m3u8,3,1080p,,CGTN Documentary,,
77,618,Güneydoğu TV,GuneydoguTV.tr,id,added_iptv_org_healthy,iptv-org,GuneydoguTV.tr,pass,master_ok->hls_segment_ok:http_206,https://edge1.socialsmart.tv/gtv/bant1/playlist.m3u8,1,720p,,Guneydogu TV,,
